"Vorname";"Nachname";"Geschlecht";"Gliederungsebene";"Typ";"Amt";"Kommentar"
"Test";1;"female";;"delegate";;
"Test";2;"male";;"observer";"2. Vorsitzender";
"Test";3;"female";"Ortsverband 1";"delegate";;
"Test";4;"male";"Ortsverband 2";"delegate";"Haushaltsausschuss";"Demo-Account"
"Test";5;"female";"Ortsverband 3";"delegate";"1. Vorsitzende";
"Test";6;"male";"Ortsverband 4";"staff";"Versammlungsleitung";
"Test";7;"female";"Ortsverband 5";"staff";;"Notiz"
"Test";8;"male";"Ortsverband 6";"guest";;
"Test";9;"female";"Ortsverband 7";"delegate";;
"Test";10;"male";"Ortsverband 8";"observer";;
"Test";11;"female";"Ortsverband 9";"delegate";"Versammlungsleitung";"Notiz"
"Test";12;"male";"Ortsverband 10";"delegate";;
"Test";13;"female";"Ortsverband 11";"observer";;
"Test";14;"male";"Ortsverband 12";"delegate";;
"Test";15;"female";"Ortsverband 1";"delegate";;
"Test";16;"male";"Ortsverband 2";"delegate";;
"Test";17;"female";"Ortsverband 3";"staff";;
"Test";18;"male";"Ortsverband 4";"staff";;
"Test";19;"female";"Ortsverband 5";"guest";;
"Test";20;"male";"Ortsverband 6";"delegate";;
"Test";21;"female";"Ortsverband 7";"observer";;
"Test";22;"male";"Ortsverband 8";"delegate";;
"Test";23;"female";"Ortsverband 9";"delegate";;
"Test";24;"male";"Ortsverband 10";"observer";"2. Vorsitzender";
"Test";25;"female";"Ortsverband 11";"delegate";;
"Test";26;"male";"Ortsverband 12";"delegate";"Haushaltsausschuss";"Demo-Account"
"Test";27;"female";"Ortsverband 1";"delegate";"1. Vorsitzende";
"Test";28;"male";"Ortsverband 2";"staff";"Versammlungsleitung";
"Test";29;"female";"Ortsverband 3";"staff";;"Notiz"
"Test";30;"male";"Ortsverband 4";"guest";;
"Test";31;"female";"Ortsverband 5";"delegate";;
"Test";32;"male";"Ortsverband 6";"observer";;
"Test";33;"female";"Ortsverband 7";"delegate";"Versammlungsleitung";"Notiz"
"Test";34;"male";"Ortsverband 8";"delegate";;
"Test";35;"female";"Ortsverband 9";"observer";;
"Test";36;"male";"Ortsverband 10";"delegate";;
"Test";37;"female";"Ortsverband 11";"delegate";;
"Test";38;"male";"Ortsverband 12";"delegate";;
"Test";39;"female";"Ortsverband 1";"staff";;
"Test";40;"male";"Ortsverband 2";"staff";;
"Test";41;"female";"Ortsverband 3";"guest";;
"Test";42;"male";"Ortsverband 4";"delegate";;
"Test";43;"female";"Ortsverband 5";"observer";;
"Test";44;"male";"Ortsverband 6";"delegate";;
"Test";45;"female";"Ortsverband 7";"delegate";;
"Test";46;"male";"Ortsverband 8";"observer";;
"Test";47;"female";"Ortsverband 9";"delegate";;
"Test";48;"male";"Ortsverband 10";"delegate";;
"Test";49;"female";"Ortsverband 11";"delegate";"AG 1";
"Test";50;"male";"Ortsverband 12";"staff";;
"Test";51;"female";"Ortsverband 1";"staff";;
"Test";52;"male";"Ortsverband 2";"guest";;
"Test";53;"female";"Ortsverband 3";"delegate";"AG2";
"Test";54;"male";"Ortsverband 4";"observer";;
"Test";55;"female";"Ortsverband 5";"delegate";;
"Test";56;"male";"Ortsverband 6";"delegate";;
"Test";57;"female";"Ortsverband 7";"observer";;
"Test";58;"male";"Ortsverband 8";"delegate";;
"Test";59;"female";"Ortsverband 9";"delegate";;
"Test";60;"male";"Ortsverband 10";"delegate";;
"Test";61;"female";"Ortsverband 11";"staff";;
"Test";62;"male";"Ortsverband 12";"staff";;
"Test";63;"female";"Ortsverband 1";"guest";;
"Test";64;"male";"Ortsverband 2";"delegate";;
"Test";65;"female";"Ortsverband 3";"observer";;
"Test";66;"male";"Ortsverband 4";"delegate";;
"Test";67;"female";"Ortsverband 5";"delegate";;
"Test";68;"male";"Ortsverband 6";"observer";;
"Test";69;"female";"Ortsverband 7";"delegate";;
"Test";70;"male";"Ortsverband 8";"delegate";;
"Test";71;"female";"Ortsverband 9";"delegate";;
"Test";72;"male";"Ortsverband 10";"staff";;
"Test";73;"female";"Ortsverband 11";"staff";;
"Test";74;"male";"Ortsverband 12";"guest";;
"Test";75;"female";"Ortsverband 1";"delegate";;
"Test";76;"male";"Ortsverband 2";"observer";;
"Test";77;"female";"Ortsverband 3";"delegate";;
"Test";78;"male";"Ortsverband 4";"delegate";;
"Test";79;"female";"Ortsverband 5";"observer";;
"Test";80;"male";"Ortsverband 6";"delegate";;
"Test";81;"female";"Ortsverband 7";"delegate";;
"Test";82;"male";"Ortsverband 8";"delegate";;
"Test";83;"female";"Ortsverband 9";"staff";;
"Test";84;"male";"Ortsverband 10";"staff";;
"Test";85;"female";"Ortsverband 11";"guest";;
"Test";86;"male";"Ortsverband 12";"delegate";;
"Test";87;"female";"Ortsverband 1";"observer";;
"Test";88;"male";"Ortsverband 2";"delegate";;
"Test";89;"female";"Ortsverband 3";"delegate";;
"Test";90;"male";"Ortsverband 4";"observer";;
"Test";91;"female";"Ortsverband 5";"delegate";;
"Test";92;"male";"Ortsverband 6";"delegate";;
"Test";93;"female";"Ortsverband 7";"delegate";;
"Test";94;"male";"Ortsverband 8";"staff";;
"Test";95;"female";"Ortsverband 9";"staff";;
"Test";96;"male";"Ortsverband 10";"guest";;
"Test";97;"female";"Ortsverband 11";"delegate";;
"Test";98;"male";"Ortsverband 12";"observer";;
"Test";99;"female";"Ortsverband 1";"delegate";;
"Test";100;"male";"Ortsverband 2";"delegate";;
"Test";101;"female";"Ortsverband 3";"observer";;
"Test";102;"male";"Ortsverband 4";"delegate";;
"Test";103;"female";"Ortsverband 5";"delegate";;
"Test";104;"male";"Ortsverband 6";"delegate";;
"Test";105;"female";"Ortsverband 7";"staff";;
"Test";106;"male";"Ortsverband 8";"staff";;
"Test";107;"female";"Ortsverband 9";"guest";;
"Test";108;"male";"Ortsverband 10";"delegate";;
"Test";109;"female";"Ortsverband 11";"observer";;
"Test";110;"male";"Ortsverband 12";"delegate";;
"Test";111;"female";"Ortsverband 1";"delegate";;
"Test";112;"male";"Ortsverband 2";"observer";;
"Test";113;"female";"Ortsverband 3";"delegate";;
"Test";114;"male";"Ortsverband 4";"delegate";;
"Test";115;"female";"Ortsverband 5";"delegate";;
"Test";116;"male";"Ortsverband 6";"staff";;
"Test";117;"female";"Ortsverband 7";"staff";;
"Test";118;"male";"Ortsverband 8";"guest";;
"Test";119;"female";"Ortsverband 9";"delegate";;
"Test";120;"male";"Ortsverband 10";"observer";;
"Test";121;"female";"Ortsverband 11";"delegate";;
"Test";122;"male";"Ortsverband 12";"delegate";;
"Test";123;"female";"Ortsverband 1";"observer";;
"Test";124;"male";"Ortsverband 2";"delegate";"AG3";
"Test";125;"female";"Ortsverband 3";"delegate";;
"Test";126;"male";"Ortsverband 4";"delegate";;
"Test";127;"female";"Ortsverband 5";"staff";;
"Test";128;"male";"Ortsverband 6";"staff";"Haushaltsausschuss";
"Test";129;"female";"Ortsverband 7";"guest";;
"Test";130;"male";"Ortsverband 8";"delegate";;
"Test";131;"female";"Ortsverband 9";"observer";;
"Test";132;"male";"Ortsverband 10";"delegate";;
"Test";133;"female";"Ortsverband 11";"delegate";;
"Test";134;"male";"Ortsverband 12";"observer";;
"Test";135;"female";"Ortsverband 1";"delegate";;
"Test";136;"male";"Ortsverband 2";"delegate";;
"Test";137;"female";"Ortsverband 3";"delegate";;
"Test";138;"male";"Ortsverband 4";"staff";;
"Test";139;"female";"Ortsverband 5";"staff";;
"Test";140;"male";"Ortsverband 6";"guest";;
"Test";141;"female";"Ortsverband 7";"delegate";;
"Test";142;"male";"Ortsverband 8";"observer";;
"Test";143;"female";"Ortsverband 9";"delegate";;
"Test";144;"male";"Ortsverband 10";"delegate";;
"Test";145;"female";"Ortsverband 11";"observer";"AG 5";
"Test";146;"male";"Ortsverband 12";"delegate";;
"Test";147;"female";"Ortsverband 1";"delegate";;
"Test";148;"male";"Ortsverband 2";"delegate";;
"Test";149;"female";"Ortsverband 3";"staff";;
"Test";150;"male";"Ortsverband 4";"staff";;
"Test";151;"female";"Ortsverband 5";"guest";;
"Test";152;"male";"Ortsverband 6";"delegate";;
"Test";153;"female";"Ortsverband 7";"observer";;
"Test";154;"male";"Ortsverband 8";"delegate";;
"Test";155;"female";"Ortsverband 9";"delegate";;
"Test";156;"male";"Ortsverband 10";"observer";;
"Test";157;"female";"Ortsverband 11";"delegate";;
"Test";158;"male";"Ortsverband 12";"delegate";;
"Test";159;"female";"Ortsverband 1";"delegate";;
"Test";160;"male";"Ortsverband 2";"staff";;
"Test";161;"female";"Ortsverband 3";"staff";;
"Test";162;"male";"Ortsverband 4";"guest";;
"Test";163;"female";"Ortsverband 5";"delegate";;
"Test";164;"male";"Ortsverband 6";"observer";;
"Test";165;"female";"Ortsverband 7";"delegate";;
"Test";166;"male";"Ortsverband 8";"delegate";;
"Test";167;"female";"Ortsverband 9";"observer";;
"Test";168;"male";"Ortsverband 10";"delegate";;
"Test";169;"female";"Ortsverband 11";"delegate";;
"Test";170;"male";"Ortsverband 12";"delegate";;
"Test";171;"female";"Ortsverband 1";"staff";;
"Test";172;"male";"Ortsverband 2";"staff";"AG 1";
"Test";173;"female";"Ortsverband 3";"guest";;
"Test";174;"male";"Ortsverband 4";"delegate";;
"Test";175;"female";"Ortsverband 5";"observer";;
"Test";176;"male";"Ortsverband 6";"delegate";;
"Test";177;"female";"Ortsverband 7";"delegate";;
"Test";178;"male";"Ortsverband 8";"observer";;
"Test";179;"female";"Ortsverband 9";"delegate";;
"Test";180;"male";"Ortsverband 10";"delegate";;
"Test";181;"female";"Ortsverband 11";"delegate";;
"Test";182;"male";"Ortsverband 12";"staff";;
"Test";183;"female";"Ortsverband 1";"staff";;
"Test";184;"male";"Ortsverband 2";"guest";;
"Test";185;"female";"Ortsverband 3";"delegate";;
"Test";186;"male";"Ortsverband 4";"observer";;
"Test";187;"female";"Ortsverband 5";"delegate";;
"Test";188;"male";"Ortsverband 6";"delegate";;
"Test";189;"female";"Ortsverband 7";"observer";;
"Test";190;"male";"Ortsverband 8";"delegate";;
"Test";191;"female";"Ortsverband 9";"delegate";;
"Test";192;"male";"Ortsverband 10";"delegate";;
"Test";193;"female";"Ortsverband 11";"staff";;
"Test";194;"male";"Ortsverband 12";"staff";;
"Test";195;"female";"Ortsverband 1";"guest";;
"Test";196;"male";"Ortsverband 2";"delegate";;
"Test";197;"female";"Ortsverband 3";"observer";;
"Test";198;"male";"Ortsverband 4";"delegate";;
"Test";199;"female";"Ortsverband 5";"delegate";;
"Test";200;"male";"Ortsverband 6";"observer";;
"Test";201;"female";"Ortsverband 7";"delegate";;
"Test";202;"male";"Ortsverband 8";"delegate";;
"Test";203;"female";"Ortsverband 9";"delegate";;
"Test";204;"male";"Ortsverband 10";"staff";;
"Test";205;"female";"Ortsverband 11";"staff";;
"Test";206;"male";"Ortsverband 12";"guest";;
"Test";207;"female";"Ortsverband 1";"delegate";;
"Test";208;"male";"Ortsverband 2";"observer";;
"Test";209;"female";"Ortsverband 3";"delegate";;
"Test";210;"male";"Ortsverband 4";"delegate";;
"Test";211;"female";"Ortsverband 5";"observer";;
"Test";212;"male";"Ortsverband 6";"delegate";;
"Test";213;"female";"Ortsverband 7";"delegate";;
"Test";214;"male";"Ortsverband 8";"delegate";;
"Test";215;"female";"Ortsverband 9";"staff";;
"Test";216;"male";"Ortsverband 10";"staff";;
"Test";217;"female";"Ortsverband 11";"guest";;
"Test";218;"male";"Ortsverband 12";"delegate";;
"Test";219;"female";"Ortsverband 1";"observer";;
"Test";220;"male";"Ortsverband 2";"delegate";;
"Test";221;"female";"Ortsverband 3";"delegate";;
"Test";222;"male";"Ortsverband 4";"observer";;
"Test";223;"female";"Ortsverband 5";"delegate";;
"Test";224;"male";"Ortsverband 6";"delegate";;
"Test";225;"female";"Ortsverband 7";"delegate";;
"Test";226;"male";"Ortsverband 8";"staff";;
"Test";227;"female";"Ortsverband 9";"staff";;
"Test";228;"male";"Ortsverband 10";"guest";;
"Test";229;"female";"Ortsverband 11";"delegate";;
"Test";230;"male";"Ortsverband 12";"observer";;
"Test";231;"female";"Ortsverband 1";"delegate";;
"Test";232;"male";"Ortsverband 2";"delegate";;
"Test";233;"female";"Ortsverband 3";"observer";;
"Test";234;"male";"Ortsverband 4";"delegate";;
"Test";235;"female";"Ortsverband 5";"delegate";;
"Test";236;"male";"Ortsverband 6";"delegate";;
"Test";237;"female";"Ortsverband 7";"staff";;
"Test";238;"male";"Ortsverband 8";"staff";;
"Test";239;"female";"Ortsverband 9";"guest";;
"Test";240;"male";"Ortsverband 10";"delegate";;
"Test";241;"female";"Ortsverband 11";"observer";;
"Test";242;"male";"Ortsverband 12";"delegate";;
"Test";243;"female";"Ortsverband 1";"delegate";;
"Test";244;"male";"Ortsverband 2";"observer";;
"Test";245;"female";"Ortsverband 3";"delegate";;
"Test";246;"male";"Ortsverband 4";"delegate";;
"Test";247;"female";"Ortsverband 5";"delegate";;
"Test";248;"male";"Ortsverband 6";"staff";;
"Test";249;"female";"Ortsverband 7";"staff";;
"Test";250;"male";"Ortsverband 8";"guest";;
"Test";251;"female";"Ortsverband 9";"delegate";;
"Test";252;"male";"Ortsverband 10";"observer";;
"Test";253;"female";"Ortsverband 11";"delegate";;
"Test";254;"male";"Ortsverband 12";"delegate";;
"Test";255;"female";"Ortsverband 1";"observer";;
"Test";256;"male";"Ortsverband 2";"delegate";;
"Test";257;"female";"Ortsverband 3";"delegate";;
"Test";258;"male";"Ortsverband 4";"delegate";;
"Test";259;"female";"Ortsverband 5";"staff";;
"Test";260;"male";"Ortsverband 6";"staff";;
"Test";261;"female";"Ortsverband 7";"guest";;
"Test";262;"male";"Ortsverband 8";"delegate";"AG 4";
"Test";263;"female";"Ortsverband 9";"observer";;
"Test";264;"male";"Ortsverband 10";"delegate";;
"Test";265;"female";"Ortsverband 11";"delegate";;
"Test";266;"male";"Ortsverband 12";"observer";;
"Test";267;"female";"Ortsverband 1";"delegate";;
"Test";268;"male";"Ortsverband 2";"delegate";;
"Test";269;"female";"Ortsverband 3";"delegate";;
"Test";270;"male";"Ortsverband 4";"staff";;
"Test";271;"female";"Ortsverband 5";"staff";;
"Test";272;"male";"Ortsverband 6";"guest";;
"Test";273;"female";"Ortsverband 7";"delegate";;
"Test";274;"male";"Ortsverband 8";"observer";;
"Test";275;"female";"Ortsverband 9";"delegate";;
"Test";276;"male";"Ortsverband 10";"delegate";;
"Test";277;"female";"Ortsverband 11";"observer";;
"Test";278;"male";"Ortsverband 12";"delegate";;
"Test";279;"female";"Ortsverband 1";"delegate";;
"Test";280;"male";"Ortsverband 2";"delegate";;
"Test";281;"female";"Ortsverband 3";"staff";;
"Test";282;"male";"Ortsverband 4";"staff";;
"Test";283;"female";"Ortsverband 5";"guest";;
"Test";284;"male";"Ortsverband 6";"delegate";;
"Test";285;"female";"Ortsverband 7";"observer";;
"Test";286;"male";"Ortsverband 8";"delegate";;
"Test";287;"female";"Ortsverband 9";"delegate";;
"Test";288;"male";"Ortsverband 10";"observer";;
"Test";289;"female";"Ortsverband 11";"delegate";;
"Test";290;"male";"Ortsverband 12";"delegate";;
"Test";291;"female";"Ortsverband 1";"delegate";;
"Test";292;"male";"Ortsverband 2";"staff";;
"Test";293;"female";"Ortsverband 3";"staff";;
"Test";294;"male";"Ortsverband 4";"guest";;
"Test";295;"female";"Ortsverband 5";"delegate";;
"Test";296;"male";"Ortsverband 6";"observer";;
"Test";297;"female";"Ortsverband 7";"delegate";;
"Test";298;"male";"Ortsverband 8";"delegate";;
"Test";299;"female";"Ortsverband 9";"observer";;
"Test";300;"male";"Ortsverband 10";"delegate";;
"Test";301;"female";"Ortsverband 11";"delegate";;
"Test";302;"male";"Ortsverband 12";"delegate";;
"Test";303;"female";"Ortsverband 1";"staff";;
"Test";304;"male";"Ortsverband 2";"staff";;
"Test";305;"female";"Ortsverband 3";"guest";;
"Test";306;"male";"Ortsverband 4";"delegate";;
"Test";307;"female";"Ortsverband 5";"observer";;
"Test";308;"male";"Ortsverband 6";"delegate";;
"Test";309;"female";"Ortsverband 7";"delegate";"AG 1";
"Test";310;"male";"Ortsverband 8";"observer";;
"Test";311;"female";"Ortsverband 9";"delegate";;
"Test";312;"male";"Ortsverband 10";"delegate";;
"Test";313;"female";"Ortsverband 11";"delegate";;
"Test";314;"male";"Ortsverband 12";"staff";;
"Test";315;"female";"Ortsverband 1";"staff";;
"Test";316;"male";"Ortsverband 2";"guest";;
"Test";317;"female";"Ortsverband 3";"delegate";;
"Test";318;"male";"Ortsverband 4";"observer";;
"Test";319;"female";"Ortsverband 5";"delegate";;
"Test";320;"male";"Ortsverband 6";"delegate";;
"Test";321;"female";"Ortsverband 7";"observer";;
"Test";322;"male";"Ortsverband 8";"delegate";;
"Test";323;"female";"Ortsverband 9";"delegate";;
"Test";324;"male";"Ortsverband 10";"delegate";;
"Test";325;"female";"Ortsverband 11";"staff";;
"Test";326;"male";"Ortsverband 12";"staff";;
"Test";327;"female";"Ortsverband 1";"guest";;
"Test";328;"male";"Ortsverband 2";"delegate";;
"Test";329;"female";"Ortsverband 3";"observer";;
"Test";330;"male";"Ortsverband 4";"delegate";;
"Test";331;"female";"Ortsverband 5";"delegate";;
"Test";332;"male";"Ortsverband 6";"observer";;
"Test";333;"female";"Ortsverband 7";"delegate";;
"Test";334;"male";"Ortsverband 8";"delegate";;
"Test";335;"female";"Ortsverband 9";"delegate";;
"Test";336;"male";"Ortsverband 10";"staff";;
"Test";337;"female";"Ortsverband 11";"staff";;
"Test";338;"male";"Ortsverband 12";"guest";;
"Test";339;"female";"Ortsverband 1";"delegate";;
"Test";340;"male";"Ortsverband 2";"observer";;
"Test";341;"female";"Ortsverband 3";"delegate";;
"Test";342;"male";"Ortsverband 4";"delegate";;
"Test";343;"female";"Ortsverband 5";"observer";;
"Test";344;"male";"Ortsverband 6";"delegate";;
"Test";345;"female";"Ortsverband 7";"delegate";;
"Test";346;"male";"Ortsverband 8";"delegate";;
"Test";347;"female";"Ortsverband 9";"staff";;
"Test";348;"male";"Ortsverband 10";"staff";;
"Test";349;"female";"Ortsverband 11";"guest";;
"Test";350;"male";"Ortsverband 12";"delegate";;
"Test";351;"female";"Ortsverband 1";"observer";;
"Test";352;"male";"Ortsverband 2";"delegate";;
"Test";353;"female";"Ortsverband 3";"delegate";;
"Test";354;"male";"Ortsverband 4";"observer";;
"Test";355;"female";"Ortsverband 5";"delegate";;
"Test";356;"male";"Ortsverband 6";"delegate";;
"Test";357;"female";"Ortsverband 7";"delegate";;
"Test";358;"male";"Ortsverband 8";"staff";;
"Test";359;"female";"Ortsverband 9";"staff";;
"Test";360;"male";"Ortsverband 10";"guest";;
"Test";361;"female";"Ortsverband 11";"delegate";;
"Test";362;"male";"Ortsverband 12";"observer";;
"Test";363;"female";"Ortsverband 1";"delegate";;
"Test";364;"male";"Ortsverband 2";"delegate";;
"Test";365;"female";"Ortsverband 3";"observer";;
"Test";366;"male";"Ortsverband 4";"delegate";;
"Test";367;"female";"Ortsverband 5";"delegate";;
"Test";368;"male";"Ortsverband 6";"delegate";;
"Test";369;"female";"Ortsverband 7";"staff";;
"Test";370;"male";"Ortsverband 8";"staff";;
"Test";371;"female";"Ortsverband 9";"guest";;
"Test";372;"male";"Ortsverband 10";"delegate";;
"Test";373;"female";"Ortsverband 11";"observer";;
"Test";374;"male";"Ortsverband 12";"delegate";;
"Test";375;"female";"Ortsverband 1";"delegate";;
"Test";376;"male";"Ortsverband 2";"observer";;
"Test";377;"female";"Ortsverband 3";"delegate";;
"Test";378;"male";"Ortsverband 4";"delegate";;
"Test";379;"female";"Ortsverband 5";"delegate";;
"Test";380;"male";"Ortsverband 6";"staff";;
"Test";381;"female";"Ortsverband 7";"staff";;
"Test";382;"male";"Ortsverband 8";"guest";;
"Test";383;"female";"Ortsverband 9";"delegate";;
"Test";384;"male";"Ortsverband 10";"observer";;
"Test";385;"female";"Ortsverband 11";"delegate";;
"Test";386;"male";"Ortsverband 12";"delegate";;
"Test";387;"female";"Ortsverband 1";"observer";;
"Test";388;"male";"Ortsverband 2";"delegate";;
"Test";389;"female";"Ortsverband 3";"delegate";;
"Test";390;"male";"Ortsverband 4";"delegate";;
"Test";391;"female";"Ortsverband 5";"staff";;
"Test";392;"male";"Ortsverband 6";"staff";;
"Test";393;"female";"Ortsverband 7";"guest";;
"Test";394;"male";"Ortsverband 8";"delegate";;
"Test";395;"female";"Ortsverband 9";"observer";;
"Test";396;"male";"Ortsverband 10";"delegate";;
"Test";397;"female";"Ortsverband 11";"delegate";;
"Test";398;"male";"Ortsverband 12";"observer";;
"Test";399;"female";"Ortsverband 1";"delegate";;
"Test";400;"male";"Ortsverband 2";"delegate";;
"Test";401;"female";"Ortsverband 3";"delegate";;
"Test";402;"male";"Ortsverband 4";"staff";;
"Test";403;"female";"Ortsverband 5";"staff";;
"Test";404;"male";"Ortsverband 6";"guest";;
"Test";405;"female";"Ortsverband 7";"delegate";;
"Test";406;"male";"Ortsverband 8";"observer";;
"Test";407;"female";"Ortsverband 9";"delegate";;
"Test";408;"male";"Ortsverband 10";"delegate";;
"Test";409;"female";"Ortsverband 11";"observer";;
"Test";410;"male";"Ortsverband 12";"delegate";;
"Test";411;"female";"Ortsverband 1";"delegate";;
"Test";412;"male";"Ortsverband 2";"delegate";;
"Test";413;"female";"Ortsverband 3";"staff";;
"Test";414;"male";"Ortsverband 4";"staff";;
"Test";415;"female";"Ortsverband 5";"guest";;
"Test";416;"male";"Ortsverband 6";"delegate";;
"Test";417;"female";"Ortsverband 7";"observer";;
"Test";418;"male";"Ortsverband 8";"delegate";;
"Test";419;"female";"Ortsverband 9";"delegate";;
"Test";420;"male";"Ortsverband 10";"observer";;"Demo-Account"
"Test";421;"female";"Ortsverband 11";"delegate";;
"Test";422;"male";"Ortsverband 12";"delegate";;
"Test";423;"female";"Ortsverband 1";"delegate";;
"Test";424;"male";"Ortsverband 2";"staff";;"Notiz"
"Test";425;"female";"Ortsverband 3";"staff";"AG 2";
"Test";426;"male";"Ortsverband 4";"guest";;
"Test";427;"female";"Ortsverband 5";"delegate";;
"Test";428;"male";"Ortsverband 6";"observer";;
"Test";429;"female";"Ortsverband 7";"delegate";;
"Test";430;"male";"Ortsverband 8";"delegate";;
"Test";431;"female";"Ortsverband 9";"observer";;
"Test";432;"male";"Ortsverband 10";"delegate";;
"Test";433;"female";"Ortsverband 11";"delegate";;
"Test";434;"male";"Ortsverband 12";"delegate";;
"Test";435;"female";"Ortsverband 1";"staff";;
"Test";436;"male";"Ortsverband 2";"staff";;
"Test";437;"female";"Ortsverband 3";"guest";;
"Test";438;"male";"Ortsverband 4";"delegate";;
"Test";439;"female";"Ortsverband 5";"observer";;
"Test";440;"male";"Ortsverband 6";"delegate";;
"Test";441;"female";"Ortsverband 7";"delegate";;
"Test";442;"male";"Ortsverband 8";"observer";;
"Test";443;"female";"Ortsverband 9";"delegate";;
"Test";444;"male";"Ortsverband 10";"delegate";;
"Test";445;"female";"Ortsverband 11";"delegate";;
"Test";446;"male";"Ortsverband 12";"staff";;
"Test";447;"female";"Ortsverband 1";"staff";;
"Test";448;"male";"Ortsverband 2";"guest";;
"Test";449;"female";"Ortsverband 3";"delegate";;
"Test";450;"male";"Ortsverband 4";"observer";;
"Test";451;"female";"Ortsverband 5";"delegate";;
"Test";452;"male";"Ortsverband 6";"delegate";;
"Test";453;"female";"Ortsverband 7";"observer";;
"Test";454;"male";"Ortsverband 8";"delegate";;
"Test";455;"female";"Ortsverband 9";"delegate";;
"Test";456;"male";"Ortsverband 10";"delegate";;
"Test";457;"female";"Ortsverband 11";"staff";;
"Test";458;"male";"Ortsverband 12";"staff";;
"Test";459;"female";"Ortsverband 1";"guest";;
"Test";460;"male";"Ortsverband 2";"delegate";;
"Test";461;"female";"Ortsverband 3";"observer";;
"Test";462;"male";"Ortsverband 4";"delegate";;
"Test";463;"female";"Ortsverband 5";"delegate";;
"Test";464;"male";"Ortsverband 6";"observer";;
"Test";465;"female";"Ortsverband 7";"delegate";;
"Test";466;"male";"Ortsverband 8";"delegate";;
"Test";467;"female";"Ortsverband 9";"delegate";;
"Test";468;"male";"Ortsverband 10";"staff";;
"Test";469;"female";"Ortsverband 11";"staff";;
"Test";470;"male";"Ortsverband 12";"guest";;
"Test";471;"female";"Ortsverband 1";"delegate";;
"Test";472;"male";"Ortsverband 2";"observer";;
"Test";473;"female";"Ortsverband 3";"delegate";;
"Test";474;"male";"Ortsverband 4";"delegate";;
"Test";475;"female";"Ortsverband 5";"observer";;
"Test";476;"male";"Ortsverband 6";"delegate";;
"Test";477;"female";"Ortsverband 7";"delegate";;
"Test";478;"male";"Ortsverband 8";"delegate";;
"Test";479;"female";"Ortsverband 9";"staff";;
"Test";480;"male";"Ortsverband 10";"staff";;
"Test";481;"female";"Ortsverband 11";"guest";;
"Test";482;"male";"Ortsverband 12";"delegate";;
"Test";483;"female";"Ortsverband 1";"observer";;
"Test";484;"male";"Ortsverband 2";"delegate";;
"Test";485;"female";"Ortsverband 3";"delegate";;
"Test";486;"male";"Ortsverband 4";"observer";;
"Test";487;"female";"Ortsverband 5";"delegate";;
"Test";488;"male";"Ortsverband 6";"delegate";;
"Test";489;"female";"Ortsverband 7";"delegate";;
"Test";490;"male";"Ortsverband 8";"staff";;
"Test";491;"female";"Ortsverband 9";"staff";;
"Test";492;"male";"Ortsverband 10";"guest";;
"Test";493;"female";"Ortsverband 11";"delegate";;
"Test";494;"male";"Ortsverband 12";"observer";;
"Test";495;"female";"Ortsverband 1";"delegate";;
"Test";496;"male";"Ortsverband 2";"delegate";;
"Test";497;"female";"Ortsverband 3";"observer";;
"Test";498;"male";"Ortsverband 4";"delegate";;
"Test";499;"female";"Ortsverband 5";"delegate";;
"Test";500;"male";"Ortsverband 6";"delegate";;
"Test";501;"female";"Ortsverband 7";"staff";;
"Test";502;"male";"Ortsverband 8";"staff";;
"Test";503;"female";"Ortsverband 9";"guest";;
"Test";504;"male";"Ortsverband 10";"delegate";;
"Test";505;"female";"Ortsverband 11";"observer";;
"Test";506;"male";"Ortsverband 12";"delegate";;
"Test";507;"female";"Ortsverband 1";"delegate";;
"Test";508;"male";"Ortsverband 2";"observer";;
"Test";509;"female";"Ortsverband 3";"delegate";;
"Test";510;"male";"Ortsverband 4";"delegate";;
"Test";511;"female";"Ortsverband 5";"delegate";;
"Test";512;"male";"Ortsverband 6";"staff";;
"Test";513;"female";"Ortsverband 7";"staff";;
"Test";514;"male";"Ortsverband 8";"guest";;
"Test";515;"female";"Ortsverband 9";"delegate";;
"Test";516;"male";"Ortsverband 10";"observer";;
"Test";517;"female";"Ortsverband 11";"delegate";;
"Test";518;"male";"Ortsverband 12";"delegate";;
"Test";519;"female";"Ortsverband 1";"observer";;
"Test";520;"male";"Ortsverband 2";"delegate";;
"Test";521;"female";"Ortsverband 3";"delegate";;
"Test";522;"male";"Ortsverband 4";"delegate";;
"Test";523;"female";"Ortsverband 5";"staff";;
"Test";524;"male";"Ortsverband 6";"staff";;
"Test";525;"female";"Ortsverband 7";"guest";;
"Test";526;"male";"Ortsverband 8";"delegate";;
"Test";527;"female";"Ortsverband 9";"observer";;
"Test";528;"male";"Ortsverband 10";"delegate";;
"Test";529;"female";"Ortsverband 11";"delegate";;
"Test";530;"male";"Ortsverband 12";"observer";;
"Test";531;"female";"Ortsverband 1";"delegate";;
"Test";532;"male";"Ortsverband 2";"delegate";;
"Test";533;"female";"Ortsverband 3";"delegate";;
"Test";534;"male";"Ortsverband 4";"staff";;
"Test";535;"female";"Ortsverband 5";"staff";;
"Test";536;"male";"Ortsverband 6";"guest";;
"Test";537;"female";"Ortsverband 7";"delegate";;
"Test";538;"male";"Ortsverband 8";"observer";;
"Test";539;"female";"Ortsverband 9";"delegate";;
"Test";540;"male";"Ortsverband 10";"delegate";;
"Test";541;"female";"Ortsverband 11";"observer";;
"Test";542;"male";"Ortsverband 12";"delegate";;
"Test";543;"female";"Ortsverband 1";"delegate";;
"Test";544;"male";"Ortsverband 2";"delegate";;
"Test";545;"female";"Ortsverband 3";"staff";;
"Test";546;"male";"Ortsverband 4";"staff";;
"Test";547;"female";"Ortsverband 5";"guest";;
"Test";548;"male";"Ortsverband 6";"delegate";;
"Test";549;"female";"Ortsverband 7";"observer";;
"Test";550;"male";"Ortsverband 8";"delegate";;
"Test";551;"female";"Ortsverband 9";"delegate";;
"Test";552;"male";"Ortsverband 10";"observer";;
"Test";553;"female";"Ortsverband 11";"delegate";;
"Test";554;"male";"Ortsverband 12";"delegate";;
"Test";555;"female";"Ortsverband 1";"delegate";;
"Test";556;"male";"Ortsverband 2";"staff";;
"Test";557;"female";"Ortsverband 3";"staff";;
"Test";558;"male";"Ortsverband 4";"guest";;
"Test";559;"female";"Ortsverband 5";"delegate";;
"Test";560;"male";"Ortsverband 6";"observer";;
"Test";561;"female";"Ortsverband 7";"delegate";;
"Test";562;"male";"Ortsverband 8";"delegate";;
"Test";563;"female";"Ortsverband 9";"observer";;
"Test";564;"male";"Ortsverband 10";"delegate";;
"Test";565;"female";"Ortsverband 11";"delegate";;
"Test";566;"male";"Ortsverband 12";"delegate";;
"Test";567;"female";"Ortsverband 1";"staff";;
"Test";568;"male";"Ortsverband 2";"staff";;
"Test";569;"female";"Ortsverband 3";"guest";;
"Test";570;"male";"Ortsverband 4";"delegate";;
"Test";571;"female";"Ortsverband 5";"observer";;
"Test";572;"male";"Ortsverband 6";"delegate";;
"Test";573;"female";"Ortsverband 7";"delegate";;
"Test";574;"male";"Ortsverband 8";"observer";;
"Test";575;"female";"Ortsverband 9";"delegate";;
"Test";576;"male";"Ortsverband 10";"delegate";;
"Test";577;"female";"Ortsverband 11";"delegate";;
"Test";578;"male";"Ortsverband 12";"staff";;
"Test";579;"female";"Ortsverband 1";"staff";;
"Test";580;"male";"Ortsverband 2";"guest";;
"Test";581;"female";"Ortsverband 3";"delegate";;
"Test";582;"male";"Ortsverband 4";"observer";;
"Test";583;"female";"Ortsverband 5";"delegate";;
"Test";584;"male";"Ortsverband 6";"delegate";;
"Test";585;"female";"Ortsverband 7";"observer";;
"Test";586;"male";"Ortsverband 8";"delegate";;
"Test";587;"female";"Ortsverband 9";"delegate";;
"Test";588;"male";"Ortsverband 10";"delegate";;
"Test";589;"female";"Ortsverband 11";"staff";;
"Test";590;"male";"Ortsverband 12";"staff";;
"Test";591;"female";"Ortsverband 1";"guest";;
"Test";592;"male";"Ortsverband 2";"delegate";;
"Test";593;"female";"Ortsverband 3";"observer";;
"Test";594;"male";"Ortsverband 4";"delegate";;
"Test";595;"female";"Ortsverband 5";"delegate";;
"Test";596;"male";"Ortsverband 6";"observer";;
"Test";597;"female";"Ortsverband 7";"delegate";;
"Test";598;"male";"Ortsverband 8";"delegate";;
"Test";599;"female";"Ortsverband 9";"delegate";;
"Test";600;"male";"Ortsverband 10";"staff";;
"Test";601;"female";"Ortsverband 11";"staff";;
"Test";602;"male";"Ortsverband 12";"guest";;
"Test";603;"female";"Ortsverband 1";"delegate";;
"Test";604;"male";"Ortsverband 2";"observer";;
"Test";605;"female";"Ortsverband 3";"delegate";;
"Test";606;"male";"Ortsverband 4";"delegate";;
"Test";607;"female";"Ortsverband 5";"observer";;
"Test";608;"male";"Ortsverband 6";"delegate";;
"Test";609;"female";"Ortsverband 7";"delegate";;
"Test";610;"male";"Ortsverband 8";"delegate";;
"Test";611;"female";"Ortsverband 9";"staff";;
"Test";612;"male";"Ortsverband 10";"staff";;
"Test";613;"female";"Ortsverband 11";"guest";;
"Test";614;"male";"Ortsverband 12";"delegate";;
"Test";615;"female";"Ortsverband 1";"observer";;
"Test";616;"male";"Ortsverband 2";"delegate";;
"Test";617;"female";"Ortsverband 3";"delegate";;
"Test";618;"male";"Ortsverband 4";"observer";;
"Test";619;"female";"Ortsverband 5";"delegate";;
"Test";620;"male";"Ortsverband 6";"delegate";;
"Test";621;"female";"Ortsverband 7";"delegate";;
"Test";622;"male";"Ortsverband 8";"staff";;
"Test";623;"female";"Ortsverband 9";"staff";;
"Test";624;"male";"Ortsverband 10";"guest";;
"Test";625;"female";"Ortsverband 11";"delegate";;
"Test";626;"male";"Ortsverband 12";"observer";;
"Test";627;"female";"Ortsverband 1";"delegate";;
"Test";628;"male";"Ortsverband 2";"delegate";;
"Test";629;"female";"Ortsverband 3";"observer";;
"Test";630;"male";"Ortsverband 4";"delegate";;
"Test";631;"female";"Ortsverband 5";"delegate";;
"Test";632;"male";"Ortsverband 6";"delegate";;
"Test";633;"female";"Ortsverband 7";"staff";;
"Test";634;"male";"Ortsverband 8";"staff";;
"Test";635;"female";"Ortsverband 9";"guest";;
"Test";636;"male";"Ortsverband 10";"delegate";;
"Test";637;"female";"Ortsverband 11";"observer";;
"Test";638;"male";"Ortsverband 12";"delegate";;
"Test";639;"female";"Ortsverband 1";"delegate";;
"Test";640;"male";"Ortsverband 2";"observer";;
"Test";641;"female";"Ortsverband 3";"delegate";;
"Test";642;"male";"Ortsverband 4";"delegate";;
"Test";643;"female";"Ortsverband 5";"delegate";;
"Test";644;"male";"Ortsverband 6";"staff";;
"Test";645;"female";"Ortsverband 7";"staff";;
"Test";646;"male";"Ortsverband 8";"guest";;
"Test";647;"female";"Ortsverband 9";"delegate";;
"Test";648;"male";"Ortsverband 10";"observer";;
"Test";649;"female";"Ortsverband 11";"delegate";;
"Test";650;"male";"Ortsverband 12";"delegate";;
"Test";651;"female";"Ortsverband 1";"observer";;
"Test";652;"male";"Ortsverband 2";"delegate";;
"Test";653;"female";"Ortsverband 3";"delegate";;
"Test";654;"male";"Ortsverband 4";"delegate";;
"Test";655;"female";"Ortsverband 5";"staff";;
"Test";656;"male";"Ortsverband 6";"staff";;
"Test";657;"female";"Ortsverband 7";"guest";;
"Test";658;"male";"Ortsverband 8";"delegate";;
"Test";659;"female";"Ortsverband 9";"observer";;
"Test";660;"male";"Ortsverband 10";"delegate";;
"Test";661;"female";"Ortsverband 11";"delegate";;
"Test";662;"male";"Ortsverband 12";"observer";;
"Test";663;"female";"Ortsverband 1";"delegate";;
"Test";664;"male";"Ortsverband 2";"delegate";;
"Test";665;"female";"Ortsverband 3";"delegate";;
"Test";666;"male";"Ortsverband 4";"staff";"AG 2";
"Test";667;"female";"Ortsverband 5";"staff";;
"Test";668;"male";"Ortsverband 6";"guest";;
"Test";669;"female";"Ortsverband 7";"delegate";;
"Test";670;"male";"Ortsverband 8";"observer";;
"Test";671;"female";"Ortsverband 9";"delegate";;
"Test";672;"male";"Ortsverband 10";"delegate";;
"Test";673;"female";"Ortsverband 11";"observer";;
"Test";674;"male";"Ortsverband 12";"delegate";;
"Test";675;"female";"Ortsverband 1";"delegate";;
"Test";676;"male";"Ortsverband 2";"delegate";;
"Test";677;"female";"Ortsverband 3";"staff";;
"Test";678;"male";"Ortsverband 4";"staff";;
"Test";679;"female";"Ortsverband 5";"guest";;
"Test";680;"male";"Ortsverband 6";"delegate";;
"Test";681;"female";"Ortsverband 7";"observer";;
"Test";682;"male";"Ortsverband 8";"delegate";;
"Test";683;"female";"Ortsverband 9";"delegate";;
"Test";684;"male";"Ortsverband 10";"observer";;
"Test";685;"female";"Ortsverband 11";"delegate";;
"Test";686;"male";"Ortsverband 12";"delegate";;
"Test";687;"female";"Ortsverband 1";"delegate";;
"Test";688;"male";"Ortsverband 2";"staff";;
"Test";689;"female";"Ortsverband 3";"staff";;
"Test";690;"male";"Ortsverband 4";"guest";;
"Test";691;"female";"Ortsverband 5";"delegate";;
"Test";692;"male";"Ortsverband 6";"observer";;
"Test";693;"female";"Ortsverband 7";"delegate";;
"Test";694;"male";"Ortsverband 8";"delegate";;
"Test";695;"female";"Ortsverband 9";"observer";;
"Test";696;"male";"Ortsverband 10";"delegate";;
"Test";697;"female";"Ortsverband 11";"delegate";;
"Test";698;"male";"Ortsverband 12";"delegate";;
"Test";699;"female";"Ortsverband 1";"staff";;
"Test";700;"male";"Ortsverband 2";"staff";;
"Test";701;"female";"Ortsverband 3";"guest";;
"Test";702;"male";"Ortsverband 4";"delegate";;
"Test";703;"female";"Ortsverband 5";"observer";;
"Test";704;"male";"Ortsverband 6";"delegate";;
"Test";705;"female";"Ortsverband 7";"delegate";;
"Test";706;"male";"Ortsverband 8";"observer";;
"Test";707;"female";"Ortsverband 9";"delegate";;
"Test";708;"male";"Ortsverband 10";"delegate";;
"Test";709;"female";"Ortsverband 11";"delegate";;
"Test";710;"male";"Ortsverband 12";"staff";;
"Test";711;"female";"Ortsverband 1";"staff";;
"Test";712;"male";"Ortsverband 2";"guest";;
"Test";713;"female";"Ortsverband 3";"delegate";;
"Test";714;"male";"Ortsverband 4";"observer";;
"Test";715;"female";"Ortsverband 5";"delegate";;
"Test";716;"male";"Ortsverband 6";"delegate";;
"Test";717;"female";"Ortsverband 7";"observer";;
"Test";718;"male";"Ortsverband 8";"delegate";;
"Test";719;"female";"Ortsverband 9";"delegate";;
"Test";720;"male";"Ortsverband 10";"delegate";;
"Test";721;"female";"Ortsverband 11";"staff";;
"Test";722;"male";"Ortsverband 12";"staff";;
"Test";723;"female";"Ortsverband 1";"guest";;
"Test";724;"male";"Ortsverband 2";"delegate";;
"Test";725;"female";"Ortsverband 3";"observer";;
"Test";726;"male";"Ortsverband 4";"delegate";;
"Test";727;"female";"Ortsverband 5";"delegate";;
"Test";728;"male";"Ortsverband 6";"observer";;
"Test";729;"female";"Ortsverband 7";"delegate";;
"Test";730;"male";"Ortsverband 8";"delegate";;
"Test";731;"female";"Ortsverband 9";"delegate";;
"Test";732;"male";"Ortsverband 10";"staff";;
"Test";733;"female";"Ortsverband 11";"staff";;
"Test";734;"male";"Ortsverband 12";"guest";;
"Test";735;"female";"Ortsverband 1";"delegate";;
"Test";736;"male";"Ortsverband 2";"observer";;
"Test";737;"female";"Ortsverband 3";"delegate";;
"Test";738;"male";"Ortsverband 4";"delegate";;
"Test";739;"female";"Ortsverband 5";"observer";;
"Test";740;"male";"Ortsverband 6";"delegate";;
"Test";741;"female";"Ortsverband 7";"delegate";;
"Test";742;"male";"Ortsverband 8";"delegate";;
"Test";743;"female";"Ortsverband 9";"staff";;
"Test";744;"male";"Ortsverband 10";"staff";;
"Test";745;"female";"Ortsverband 11";"guest";;
"Test";746;"male";"Ortsverband 12";"delegate";;
"Test";747;"female";"Ortsverband 1";"observer";;
"Test";748;"male";"Ortsverband 2";"delegate";;
"Test";749;"female";"Ortsverband 3";"delegate";;
"Test";750;"male";"Ortsverband 4";"observer";;
"Test";751;"female";"Ortsverband 5";"delegate";;
"Test";752;"male";"Ortsverband 6";"delegate";;
"Test";753;"female";"Ortsverband 7";"delegate";;
"Test";754;"male";"Ortsverband 8";"staff";;
"Test";755;"female";"Ortsverband 9";"staff";"AG 4";
"Test";756;"male";"Ortsverband 10";"guest";;
"Test";757;"female";"Ortsverband 11";"delegate";;
"Test";758;"male";"Ortsverband 12";"observer";;
"Test";759;"female";"Ortsverband 1";"delegate";;
"Test";760;"male";"Ortsverband 2";"delegate";;
"Test";761;"female";"Ortsverband 3";"observer";;
"Test";762;"male";"Ortsverband 4";"delegate";;
"Test";763;"female";"Ortsverband 5";"delegate";;
"Test";764;"male";"Ortsverband 6";"delegate";;
"Test";765;"female";"Ortsverband 7";"staff";;
"Test";766;"male";"Ortsverband 8";"staff";;
"Test";767;"female";"Ortsverband 9";"guest";;
"Test";768;"male";"Ortsverband 10";"delegate";;
"Test";769;"female";"Ortsverband 11";"observer";;
"Test";770;"male";"Ortsverband 12";"delegate";;
"Test";771;"female";"Ortsverband 1";"delegate";;
"Test";772;"male";"Ortsverband 2";"observer";;
"Test";773;"female";"Ortsverband 3";"delegate";;
"Test";774;"male";"Ortsverband 4";"delegate";;
"Test";775;"female";"Ortsverband 5";"delegate";;
"Test";776;"male";"Ortsverband 6";"staff";;
"Test";777;"female";"Ortsverband 7";"staff";;
"Test";778;"male";"Ortsverband 8";"guest";;
"Test";779;"female";"Ortsverband 9";"delegate";;
"Test";780;"male";"Ortsverband 10";"observer";;
"Test";781;"female";"Ortsverband 11";"delegate";;
"Test";782;"male";"Ortsverband 12";"delegate";;
"Test";783;"female";"Ortsverband 1";"observer";;
"Test";784;"male";"Ortsverband 2";"delegate";;
"Test";785;"female";"Ortsverband 3";"delegate";;
"Test";786;"male";"Ortsverband 4";"delegate";;
"Test";787;"female";"Ortsverband 5";"staff";;
"Test";788;"male";"Ortsverband 6";"staff";;
"Test";789;"female";"Ortsverband 7";"guest";;
"Test";790;"male";"Ortsverband 8";"delegate";;
"Test";791;"female";"Ortsverband 9";"observer";;
"Test";792;"male";"Ortsverband 10";"delegate";;
"Test";793;"female";"Ortsverband 11";"delegate";;
"Test";794;"male";"Ortsverband 12";"observer";;
"Test";795;"female";"Ortsverband 1";"delegate";;
"Test";796;"male";"Ortsverband 2";"delegate";;
"Test";797;"female";"Ortsverband 3";"delegate";;
"Test";798;"male";"Ortsverband 4";"staff";;
"Test";799;"female";"Ortsverband 5";"staff";;
"Test";800;"male";"Ortsverband 6";"guest";;
"Test";801;"female";"Ortsverband 7";"delegate";;
"Test";802;"male";"Ortsverband 8";"observer";;
"Test";803;"female";"Ortsverband 9";"delegate";;
"Test";804;"male";"Ortsverband 10";"delegate";;
"Test";805;"female";"Ortsverband 11";"observer";;
"Test";806;"male";"Ortsverband 12";"delegate";;
"Test";807;"female";"Ortsverband 1";"delegate";;
"Test";808;"male";"Ortsverband 2";"delegate";;
"Test";809;"female";"Ortsverband 3";"staff";;
"Test";810;"male";"Ortsverband 4";"staff";;
"Test";811;"female";"Ortsverband 5";"guest";;
"Test";812;"male";"Ortsverband 6";"delegate";;
"Test";813;"female";"Ortsverband 7";"observer";;
"Test";814;"male";"Ortsverband 8";"delegate";;
"Test";815;"female";"Ortsverband 9";"delegate";;
"Test";816;"male";"Ortsverband 10";"observer";"1. Vorsitzende";
"Test";817;"female";"Ortsverband 11";"delegate";;
"Test";818;"male";"Ortsverband 12";"delegate";;
"Test";819;"female";"Ortsverband 1";"delegate";;
"Test";820;"male";"Ortsverband 2";"staff";;
"Test";821;"female";"Ortsverband 3";"staff";;
"Test";822;"male";"Ortsverband 4";"guest";;
"Test";823;"female";"Ortsverband 5";"delegate";;
"Test";824;"male";"Ortsverband 6";"observer";;
"Test";825;"female";"Ortsverband 7";"delegate";;
"Test";826;"male";"Ortsverband 8";"delegate";;
"Test";827;"female";"Ortsverband 9";"observer";;
"Test";828;"male";"Ortsverband 10";"delegate";;
"Test";829;"female";"Ortsverband 11";"delegate";;
"Test";830;"male";"Ortsverband 12";"delegate";;
"Test";831;"female";"Ortsverband 1";"staff";;
"Test";832;"male";"Ortsverband 2";"staff";;
"Test";833;"female";"Ortsverband 3";"guest";;
"Test";834;"male";"Ortsverband 4";"delegate";;
"Test";835;"female";"Ortsverband 5";"observer";;
"Test";836;"male";"Ortsverband 6";"delegate";;
"Test";837;"female";"Ortsverband 7";"delegate";;
"Test";838;"male";"Ortsverband 8";"observer";;
"Test";839;"female";"Ortsverband 9";"delegate";;
"Test";840;"male";"Ortsverband 10";"delegate";;
"Test";841;"female";"Ortsverband 11";"delegate";;
"Test";842;"male";"Ortsverband 12";"staff";;
"Test";843;"female";"Ortsverband 1";"staff";;
"Test";844;"male";"Ortsverband 2";"guest";;
"Test";845;"female";"Ortsverband 3";"delegate";;
"Test";846;"male";"Ortsverband 4";"observer";;
"Test";847;"female";"Ortsverband 5";"delegate";;
"Test";848;"male";"Ortsverband 6";"delegate";;
"Test";849;"female";"Ortsverband 7";"observer";;
"Test";850;"male";"Ortsverband 8";"delegate";;
"Test";851;"female";"Ortsverband 9";"delegate";;
"Test";852;"male";"Ortsverband 10";"delegate";;
"Test";853;"female";"Ortsverband 11";"staff";;
"Test";854;"male";"Ortsverband 12";"staff";;
"Test";855;"female";"Ortsverband 1";"guest";;
"Test";856;"male";"Ortsverband 2";"delegate";;
"Test";857;"female";"Ortsverband 3";"observer";;
"Test";858;"male";"Ortsverband 4";"delegate";;
"Test";859;"female";"Ortsverband 5";"delegate";;
"Test";860;"male";"Ortsverband 6";"observer";;
"Test";861;"female";"Ortsverband 7";"delegate";;
"Test";862;"male";"Ortsverband 8";"delegate";;
"Test";863;"female";"Ortsverband 9";"delegate";;
"Test";864;"male";"Ortsverband 10";"staff";;
"Test";865;"female";"Ortsverband 11";"staff";;
"Test";866;"male";"Ortsverband 12";"guest";;
"Test";867;"female";"Ortsverband 1";"delegate";;
"Test";868;"male";"Ortsverband 2";"observer";;
"Test";869;"female";"Ortsverband 3";"delegate";;
"Test";870;"male";"Ortsverband 4";"delegate";;
"Test";871;"female";"Ortsverband 5";"observer";;
"Test";872;"male";"Ortsverband 6";"delegate";;
"Test";873;"female";"Ortsverband 7";"delegate";;
"Test";874;"male";"Ortsverband 8";"delegate";;
"Test";875;"female";"Ortsverband 9";"staff";;
"Test";876;"male";"Ortsverband 10";"staff";;
"Test";877;"female";"Ortsverband 11";"guest";;
"Test";878;"male";"Ortsverband 12";"delegate";;
"Test";879;"female";"Ortsverband 1";"observer";;
"Test";880;"male";"Ortsverband 2";"delegate";;
"Test";881;"female";"Ortsverband 3";"delegate";;
"Test";882;"male";"Ortsverband 4";"observer";;
"Test";883;"female";"Ortsverband 5";"delegate";;
"Test";884;"male";"Ortsverband 6";"delegate";;
"Test";885;"female";"Ortsverband 7";"delegate";;
"Test";886;"male";"Ortsverband 8";"staff";;
"Test";887;"female";"Ortsverband 9";"staff";;
"Test";888;"male";"Ortsverband 10";"guest";;
"Test";889;"female";"Ortsverband 11";"delegate";;
"Test";890;"male";"Ortsverband 12";"observer";;
"Test";891;"female";"Ortsverband 1";"delegate";;
"Test";892;"male";"Ortsverband 2";"delegate";;
"Test";893;"female";"Ortsverband 3";"observer";;
"Test";894;"male";"Ortsverband 4";"delegate";;
"Test";895;"female";"Ortsverband 5";"delegate";;
"Test";896;"male";"Ortsverband 6";"delegate";;
"Test";897;"female";"Ortsverband 7";"staff";;
"Test";898;"male";"Ortsverband 8";"staff";;
"Test";899;"female";"Ortsverband 9";"guest";;
"Test";900;"male";"Ortsverband 10";"delegate";;
"Test";901;"female";"Ortsverband 11";"observer";;
"Test";902;"male";"Ortsverband 12";"delegate";;
"Test";903;"female";"Ortsverband 1";"delegate";;
"Test";904;"male";"Ortsverband 2";"observer";;
"Test";905;"female";"Ortsverband 3";"delegate";;
"Test";906;"male";"Ortsverband 4";"delegate";;
"Test";907;"female";"Ortsverband 5";"delegate";;
"Test";908;"male";"Ortsverband 6";"staff";;
"Test";909;"female";"Ortsverband 7";"staff";;
"Test";910;"male";"Ortsverband 8";"guest";;
"Test";911;"female";"Ortsverband 9";"delegate";;
"Test";912;"male";"Ortsverband 10";"observer";;
"Test";913;"female";"Ortsverband 11";"delegate";;
"Test";914;"male";"Ortsverband 12";"delegate";;
"Test";915;"female";"Ortsverband 1";"observer";;
"Test";916;"male";"Ortsverband 2";"delegate";;
"Test";917;"female";"Ortsverband 3";"delegate";;
"Test";918;"male";"Ortsverband 4";"delegate";;
"Test";919;"female";"Ortsverband 5";"staff";;
"Test";920;"male";"Ortsverband 6";"staff";;
"Test";921;"female";"Ortsverband 7";"guest";;
"Test";922;"male";"Ortsverband 8";"delegate";;
"Test";923;"female";"Ortsverband 9";"observer";;
"Test";924;"male";"Ortsverband 10";"delegate";;
"Test";925;"female";"Ortsverband 11";"delegate";;
"Test";926;"male";"Ortsverband 12";"observer";;
"Test";927;"female";"Ortsverband 1";"delegate";;
"Test";928;"male";"Ortsverband 2";"delegate";;
"Test";929;"female";"Ortsverband 3";"delegate";;
"Test";930;"male";"Ortsverband 4";"staff";;
"Test";931;"female";"Ortsverband 5";"staff";;
"Test";932;"male";"Ortsverband 6";"guest";;
"Test";933;"female";"Ortsverband 7";"delegate";;
"Test";934;"male";"Ortsverband 8";"observer";;
"Test";935;"female";"Ortsverband 9";"delegate";;
"Test";936;"male";"Ortsverband 10";"delegate";;
"Test";937;"female";"Ortsverband 11";"observer";;
"Test";938;"male";"Ortsverband 12";"delegate";;
"Test";939;"female";"Ortsverband 1";"delegate";;
"Test";940;"male";"Ortsverband 2";"delegate";;
"Test";941;"female";"Ortsverband 3";"staff";;
"Test";942;"male";"Ortsverband 4";"staff";;
"Test";943;"female";"Ortsverband 5";"guest";;
"Test";944;"male";"Ortsverband 6";"delegate";;
"Test";945;"female";"Ortsverband 7";"observer";;
"Test";946;"male";"Ortsverband 8";"delegate";;
"Test";947;"female";"Ortsverband 9";"delegate";;
"Test";948;"male";"Ortsverband 10";"observer";;
"Test";949;"female";"Ortsverband 11";"delegate";;
"Test";950;"male";"Ortsverband 12";"delegate";;
"Test";951;"female";"Ortsverband 1";"delegate";;
"Test";952;"male";"Ortsverband 2";"staff";;
"Test";953;"female";"Ortsverband 3";"staff";;
"Test";954;"male";"Ortsverband 4";"guest";;
"Test";955;"female";"Ortsverband 5";"delegate";;
"Test";956;"male";"Ortsverband 6";"observer";;
"Test";957;"female";"Ortsverband 7";"delegate";;
"Test";958;"male";"Ortsverband 8";"delegate";;
"Test";959;"female";"Ortsverband 9";"observer";;
"Test";960;"male";"Ortsverband 10";"delegate";;
"Test";961;"female";"Ortsverband 11";"delegate";;
"Test";962;"male";"Ortsverband 12";"delegate";;
"Test";963;"female";"Ortsverband 1";"staff";;
"Test";964;"male";"Ortsverband 2";"staff";;
"Test";965;"female";"Ortsverband 3";"guest";;
"Test";966;"male";"Ortsverband 4";"delegate";;
"Test";967;"female";"Ortsverband 5";"observer";;
"Test";968;"male";"Ortsverband 6";"delegate";;
"Test";969;"female";"Ortsverband 7";"delegate";;
"Test";970;"male";"Ortsverband 8";"observer";;
"Test";971;"female";"Ortsverband 9";"delegate";;
"Test";972;"male";"Ortsverband 10";"delegate";;
"Test";973;"female";"Ortsverband 11";"delegate";;
"Test";974;"male";"Ortsverband 12";"staff";;
"Test";975;"female";"Ortsverband 1";"staff";;
"Test";976;"male";"Ortsverband 2";"guest";;
"Test";977;"female";"Ortsverband 3";"delegate";;
"Test";978;"male";"Ortsverband 4";"observer";;
"Test";979;"female";"Ortsverband 5";"delegate";;
"Test";980;"male";"Ortsverband 6";"delegate";;
"Test";981;"female";"Ortsverband 7";"observer";;
"Test";982;"male";"Ortsverband 8";"delegate";;
"Test";983;"female";"Ortsverband 9";"delegate";;
"Test";984;"male";"Ortsverband 10";"delegate";;
"Test";985;"female";"Ortsverband 11";"staff";;
"Test";986;"male";"Ortsverband 12";"staff";;
"Test";987;"female";"Ortsverband 1";"guest";;
"Test";988;"male";"Ortsverband 2";"delegate";;
"Test";989;"female";"Ortsverband 3";"observer";;
"Test";990;"male";"Ortsverband 4";"delegate";;
"Test";991;"female";"Ortsverband 5";"delegate";;
"Test";992;"male";"Ortsverband 6";"observer";;
"Test";993;"female";"Ortsverband 7";"delegate";;
"Test";994;"male";"Ortsverband 8";"delegate";;
"Test";995;"female";"Ortsverband 9";"delegate";;
"Test";996;"male";"Ortsverband 10";"staff";;
"Test";997;"female";"Ortsverband 11";"staff";;
"Test";998;"male";"Ortsverband 12";"guest";;
"Test";999;"female";"Ortsverband 1";"delegate";;
"Test";1000;"male";"Ortsverband 2";"observer";;
"Test";1001;"female";"Ortsverband 3";"delegate";;
"Test";1002;"male";"Ortsverband 4";"delegate";;
"Test";1003;"female";"Ortsverband 5";"observer";;
"Test";1004;"male";"Ortsverband 6";"delegate";;
"Test";1005;"female";"Ortsverband 7";"delegate";;
"Test";1006;"male";"Ortsverband 8";"delegate";;
"Test";1007;"female";"Ortsverband 9";"staff";;
"Test";1008;"male";"Ortsverband 10";"staff";;
"Test";1009;"female";"Ortsverband 11";"guest";;
"Test";1010;"male";"Ortsverband 12";"delegate";;
"Test";1011;"female";"Ortsverband 1";"observer";;
"Test";1012;"male";"Ortsverband 2";"delegate";;
"Test";1013;"female";"Ortsverband 3";"delegate";;
"Test";1014;"male";"Ortsverband 4";"observer";;
"Test";1015;"female";"Ortsverband 5";"delegate";;
"Test";1016;"male";"Ortsverband 6";"delegate";;
"Test";1017;"female";"Ortsverband 7";"delegate";;
"Test";1018;"male";"Ortsverband 8";"staff";;
"Test";1019;"female";"Ortsverband 9";"staff";;
"Test";1020;"male";"Ortsverband 10";"guest";;
"Test";1021;"female";"Ortsverband 11";"delegate";;
"Test";1022;"male";"Ortsverband 12";"observer";;
"Test";1023;"female";"Ortsverband 1";"delegate";;
"Test";1024;"male";"Ortsverband 2";"delegate";;
"Test";1025;"female";"Ortsverband 3";"observer";;
"Test";1026;"male";"Ortsverband 4";"delegate";;
"Test";1027;"female";"Ortsverband 5";"delegate";;
"Test";1028;"male";"Ortsverband 6";"delegate";;
"Test";1029;"female";"Ortsverband 7";"staff";;
"Test";1030;"male";"Ortsverband 8";"staff";;
"Test";1031;"female";"Ortsverband 9";"guest";;
"Test";1032;"male";"Ortsverband 10";"delegate";;
"Test";1033;"female";"Ortsverband 11";"observer";;
"Test";1034;"male";"Ortsverband 12";"delegate";;
"Test";1035;"female";"Ortsverband 1";"delegate";;
"Test";1036;"male";"Ortsverband 2";"observer";;
"Test";1037;"female";"Ortsverband 3";"delegate";;
"Test";1038;"male";"Ortsverband 4";"delegate";;
"Test";1039;"female";"Ortsverband 5";"delegate";;
"Test";1040;"male";"Ortsverband 6";"staff";;
"Test";1041;"female";"Ortsverband 7";"staff";;
"Test";1042;"male";"Ortsverband 8";"guest";;
"Test";1043;"female";"Ortsverband 9";"delegate";;
"Test";1044;"male";"Ortsverband 10";"observer";;
"Test";1045;"female";"Ortsverband 11";"delegate";;
"Test";1046;"male";"Ortsverband 12";"delegate";;
"Test";1047;"female";"Ortsverband 1";"observer";;
"Test";1048;"male";"Ortsverband 2";"delegate";;
"Test";1049;"female";"Ortsverband 3";"delegate";;
"Test";1050;"male";"Ortsverband 4";"delegate";;
"Test";1051;"female";"Ortsverband 5";"staff";;
"Test";1052;"male";"Ortsverband 6";"staff";;
"Test";1053;"female";"Ortsverband 7";"guest";;
"Test";1054;"male";"Ortsverband 8";"delegate";;
"Test";1055;"female";"Ortsverband 9";"observer";;
"Test";1056;"male";"Ortsverband 10";"delegate";;
"Test";1057;"female";"Ortsverband 11";"delegate";;
"Test";1058;"male";"Ortsverband 12";"observer";;
"Test";1059;"female";"Ortsverband 1";"delegate";;
"Test";1060;"male";"Ortsverband 2";"delegate";;
"Test";1061;"female";"Ortsverband 3";"delegate";"Haushaltsausschuss";
"Test";1062;"male";"Ortsverband 4";"staff";;
"Test";1063;"female";"Ortsverband 5";"staff";;
"Test";1064;"male";"Ortsverband 6";"guest";;
"Test";1065;"female";"Ortsverband 7";"delegate";;
"Test";1066;"male";"Ortsverband 8";"observer";;
"Test";1067;"female";"Ortsverband 9";"delegate";;
"Test";1068;"male";"Ortsverband 10";"delegate";;
"Test";1069;"female";"Ortsverband 11";"observer";;
"Test";1070;"male";"Ortsverband 12";"delegate";;
"Test";1071;"female";"Ortsverband 1";"delegate";;
"Test";1072;"male";"Ortsverband 2";"delegate";;
"Test";1073;"female";"Ortsverband 3";"staff";;
"Test";1074;"male";"Ortsverband 4";"staff";;
"Test";1075;"female";"Ortsverband 5";"guest";;
"Test";1076;"male";"Ortsverband 6";"delegate";;
"Test";1077;"female";"Ortsverband 7";"observer";;
"Test";1078;"male";"Ortsverband 8";"delegate";;
"Test";1079;"female";"Ortsverband 9";"delegate";;
"Test";1080;"male";"Ortsverband 10";"observer";;
"Test";1081;"female";"Ortsverband 11";"delegate";;
"Test";1082;"male";"Ortsverband 12";"delegate";;
"Test";1083;"female";"Ortsverband 1";"delegate";;
"Test";1084;"male";"Ortsverband 2";"staff";;
"Test";1085;"female";"Ortsverband 3";"staff";;
"Test";1086;"male";"Ortsverband 4";"guest";;
"Test";1087;"female";"Ortsverband 5";"delegate";;
"Test";1088;"male";"Ortsverband 6";"observer";;
"Test";1089;"female";"Ortsverband 7";"delegate";;
"Test";1090;"male";"Ortsverband 8";"delegate";;
"Test";1091;"female";"Ortsverband 9";"observer";;
"Test";1092;"male";"Ortsverband 10";"delegate";;
"Test";1093;"female";"Ortsverband 11";"delegate";;
"Test";1094;"male";"Ortsverband 12";"delegate";;
"Test";1095;"female";"Ortsverband 1";"staff";;
"Test";1096;"male";"Ortsverband 2";"staff";;
"Test";1097;"female";"Ortsverband 3";"guest";;
"Test";1098;"male";"Ortsverband 4";"delegate";;
"Test";1099;"female";"Ortsverband 5";"observer";;
"Test";1100;"male";"Ortsverband 6";"delegate";;
"Test";1101;"female";"Ortsverband 7";"delegate";;
"Test";1102;"male";"Ortsverband 8";"observer";;
"Test";1103;"female";"Ortsverband 9";"delegate";;
"Test";1104;"male";"Ortsverband 10";"delegate";;
"Test";1105;"female";"Ortsverband 11";"delegate";;
"Test";1106;"male";"Ortsverband 12";"staff";;
"Test";1107;"female";"Ortsverband 1";"staff";;
"Test";1108;"male";"Ortsverband 2";"guest";"AG 1";
"Test";1109;"female";"Ortsverband 3";"delegate";"AG 2";
"Test";1110;"male";"Ortsverband 4";"observer";"AG 3";
